CAMPUS,ACAD ORG,CLASS NBR,SUBJECT,CAT NBR,SECTION,SESSION,UNITS,DESCRIPTION,CLASS TOPIC,TIME,DAYS,FACILITY,INSTRUCTOR,ROOM CAP,ENRL,STATUS,CART
HBG,COMPUTING,1642,CE,101,H001,1,3,Intro Comp Eng, ,11:30AM-01:00PM,M W   ,TEC 328,"Dawoud,Amer",20,0,O,0
HBG,COMPUTING,1643,CE,210,H001,1,3,Digital Logic, ,09:45AM-11:15AM, T R  ,TEC 321,"Dawoud,Amer",20,0,O,0
HBG,COMPUTING,7134,CE,240,H001,1,3,Linear Sig Anal, ,,      , ,"Dawoud,Amer",20,0,O,0
HBG,COMPUTING,7133,CE,310,H001,1,4,Digital Electronics, ,,      , ,"Dawoud,Amer",20,0,O,0
HBG,COMPUTING,1646,CET,240,H001,1,3,Intro Digital, ,08:00AM-09:30AM, T R  ,TEC 101,"Adams,Stephen T",28,0,O,0
HBG,COMPUTING,1647,CET, 240L,H001,1,1,Digital Elec Lab, ,09:45AM-01:00PM, T    ,TEC 319,"Dawoud,Amer",22,0,O,0
HBG,COMPUTING,1648,CET, 240L,H002,1,1,Digital Elec Lab, ,09:45AM-01:00PM,   R  ,TEC 319,"Dawoud,Amer",0,0,O,0
HBG,COMPUTING,1649,CET, 240L,H003,1,1,Digital Elec Lab, ,,      , ,"Dawoud,Amer",0,0,O,0
HBG,COMPUTING,1650,CET,302,H001,1,3,Up Arch & Appl, ,01:15PM-02:45PM, T R  , ,"Dawoud,Amer",25,0,O,0
HBG,COMPUTING,1651,CET, 302L,H001,1,1,Up Lab, ,03:00PM-06:15PM, T    ,TEC 321,"Dawoud,Amer",10,0,O,0
HBG,COMPUTING,1652,CET, 302L,H002,1,1,Up Lab, ,03:00PM-06:15PM,   R  ,TEC 321,"Dawoud,Amer",0,0,O,0
HBG,COMPUTING,1653,CET, 302L,H003,1,1,Up Lab, ,,      , ,"Dawoud,Amer",0,0,O,0
HBG,COMPUTING,1654,CET,316,H001,1,2,Digital Comm, ,08:00AM-09:30AM,M W   ,TEC 340,"Zhou,Zhaoxian",20,0,O,0
HBG,COMPUTING,1655,CET, 316L,H001,1,1,Digital Comm Lab, ,11:30AM-02:45PM,M     ,TEC 322,"Zhou,Zhaoxian",15,0,O,0
HBG,COMPUTING,1656,CET, 316L,H002,1,1,Digital Comm Lab, ,11:30AM-02:45PM,  W   ,TEC 322,"Zhou,Zhaoxian",0,0,O,0
HBG,COMPUTING,1657,CET, 316L,H003,1,1,Digital Comm Lab, ,,      , ,"Zhou,Zhaoxian",5,0,O,0
HBG,COMPUTING,1658,CET,390,H001,1,3,Comp Ntwk Fund, ,03:00PM-06:15PM, T    ,TEC 340,"Hawkins,Ricky Edward",10,0,O,0
HBG,COMPUTING,1659,CET,400,H001,1,2,Senior Project, ,11:30AM-01:00PM,M W   ,TEC 324,"Adams,Stephen T",15,0,O,0
HBG,COMPUTING,1660,CET,401,H001,1,2,Senior Project, ,,      , ,"Adams,Stephen T",10,0,O,0
HBG,COMPUTING,1661,CET,437,H001,1,4,Microcomptr Design, ,03:00PM-04:30PM,M W   ,TEC 340,"Dawoud,Amer",10,0,O,0
HBG,COMPUTING,1662,CET,492,H001,1,1,Special Problems, ,,      , ,"Dawoud,Amer",10,0,O,0
HBG,COMPUTING,1663,CET,492,H002,1,1,Special Problems, ,,      , ,"Dawoud,Amer",0,0,O,0
HBG,COMPUTING,1664,CET, 492H,H001,1,1,Special Problems, ,,      , ,"Adams,Stephen T",35,0,O,0
HBG,COMPUTING,1665,CET,496,H001,1,1,Industrial Intern, ,,      , ,"Adams,Stephen T",0,0,O,0
HBG,COMPUTING,2166,CSC,100,H003,1,3,Intro To Computing, ,09:45AM-10:45AM,M W F ,TEC 347,"Chen,Kuo Lane",30,0,O,0
HBG,COMPUTING,2167,CSC,100,H005,1,3,Intro To Computing, ,11:30AM-12:30PM,M W F ,TEC 347,"Chen,Kuo Lane",30,0,O,0
HBG,COMPUTING,2168,CSC,100,H007,1,3,Intro To Computing, ,09:45AM-11:15AM, T R  ,TEC 347,"Chen,Kuo Lane",32,0,O,0
HBG,COMPUTING,2169,CSC,101,H001,1,3,Computer Science I, ,09:45AM-11:15AM, T R  ,TEC 202,TBA,36,0,O,0
HBG,COMPUTING,2170,CSC,101,H002,1,3,Computer Science I, ,11:30AM-01:00PM, T R  ,TEC 207,"Murali,Beddhu",24,0,O,1
HBG,COMPUTING,2171,CSC,101,H003,1,3,Computer Science I, ,09:45AM-10:45AM,M W F ,TEC 202,"Murali,Beddhu",41,0,O,0
HBG,COMPUTING,2172,CSC,101,H004,1,3,Computer Science I, ,09:45AM-11:15AM, T R  ,TEC 205,"Murali,Beddhu",20,0,O,0
HBG,COMPUTING,2173,CSC, 101L,H001,1,1,Comp Sci I Lab, ,03:00PM-06:15PM, T    ,TEC 202,"Murali,Beddhu",38,0,O,0
HBG,COMPUTING,2174,CSC, 101L,H002,1,1,Comp Sci I Lab, ,11:30AM-02:45PM,  W   ,TEC 202,"Murali,Beddhu",24,0,O,0
HBG,COMPUTING,2175,CSC, 101L,H003,1,1,Comp Sci I Lab, ,11:30AM-02:45PM,    F ,TEC 202,"Murali,Beddhu",44,0,O,0
HBG,COMPUTING,2176,CSC, 101L,H004,1,1,Comp Sci I Lab, ,03:00PM-06:15PM,M     ,TEC 347,"Murali,Beddhu",0,0,O,0
HBG,COMPUTING,2177,CSC, 101L,H005,1,1,Comp Sci I Lab, ,11:30AM-02:45PM,M     ,TEC 202,"Murali,Beddhu",24,0,O,0
HBG,COMPUTING,2178,CSC, 101L,H006,1,1,Comp Sci I Lab, ,03:00PM-06:15PM,  W   ,TEC 347,"Murali,Beddhu",24,0,O,0
HBG,COMPUTING,2179,CSC,102,H001,1,4,Computer Science II, ,08:00AM-09:00AM,    F ,TEC 202,TBA,40,0,O,0
HBG,COMPUTING,2179,CSC,102,H001,1,4,Computer Science II, ,08:00AM-09:30AM,M W   ,TEC 328,TBA,40,0,O,0
HBG,COMPUTING,2182,CSC,102,H002,1,4,Computer Science II, ,09:45AM-10:45AM,    F ,TEC 205,TBA,40,0,O,0
HBG,COMPUTING,2182,CSC,102,H002,1,4,Computer Science II, ,09:45AM-11:15AM,M W   ,TEC 205,TBA,40,0,O,0
HBG,COMPUTING,2185,CSC,203,H001,1,3,Computer Systems, ,11:30AM-01:00PM, T R  ,TEC 202,"Koh,Wonryull",44,0,O,0
HBG,COMPUTING,2186,CSC,300,H001,1,3,Foundation Comp Sci, ,03:00PM-04:30PM,M W   ,TEC 202,"Banerjee,Bikramjit",30,0,O,1
HBG,COMPUTING,2187,CSC,306,H001,1,3,Operating Systems I, ,08:00AM-09:30AM, T R  ,TEC 328,TBA,28,0,O,1
HBG,COMPUTING,2188,CSC,307,H001,1,3,Data Structures, ,08:00AM-09:30AM,M W   ,TEC 202,"Murali,Beddhu",40,0,O,0
HBG,COMPUTING,2189,CSC,309,H001,1,3,Comp And Society, ,03:00PM-04:30PM, T R  ,TEC 106,TBA,24,0,O,0
HBG,COMPUTING,2190,CSC,309,H002,1,3,Comp And Society, ,04:45PM-06:15PM, T R  ,TEC 101,TBA,20,0,O,0
HBG,COMPUTING,2191,CSC,411,H001,1,3,Dbms Design, ,01:15PM-02:45PM, T R  ,TEC 207,"Zhang,Chaoyang",32,0,O,0
HBG,COMPUTING,2192,CSC,413,H001,1,3,Algorithms, ,08:00AM-09:30AM, T R  ,TEC 106,"Koh,Wonryull",23,0,O,0
HBG,COMPUTING,2193,CSC,414,H001,1,3,Software Design, ,08:00AM-11:15AM,    F ,TEC 207,"Ali,Dia L",20,0,O,0
HBG,COMPUTING,2194,CSC, 414L,H001,1,1,Soft Des & Dev Lab, ,,      , ,"Ali,Dia L",30,0,O,0
HBG,COMPUTING,2195,CSC,440,H001,1,3,Client Web, ,08:00AM-09:30AM, T R  ,TEC 202,"Banerjee,Bikramjit",20,0,O,0
HBG,COMPUTING,2196,CSC,444,H001,1,3,Robotic Systems, ,01:15PM-02:45PM,M W   ,TEC 106,"Banerjee,Bikramjit",25,0,O,0
HBG,COMPUTING,2197,CSC,492,H001,1,1,Comp Sci Prob I, ,,      , ,"Zhang,Chaoyang",1,0,O,0
HBG,COMPUTING,2198,CSC,492,H002,1,1,Comp Sci Prob I, ,,      , ,"Ali,Dia L",15,0,O,0
HBG,COMPUTING,2199,CSC,492,H003,1,1,Comp Sci Prob I, ,,      , ,"Banerjee,Bikramjit",0,0,O,0
HBG,COMPUTING,2200,CSC,492,H005,1,1,Comp Sci Prob I, ,,      , ,TBA,0,0,O,0
HBG,COMPUTING,2201,CSC,492,H006,1,1,Comp Sci Prob I, ,,      , ,TBA,5,0,O,0
HBG,COMPUTING,2202,CSC,492,H007,1,1,Comp Sci Prob I, ,,      , ,TBA,0,0,O,0
HBG,COMPUTING,2203,CSC,492,H008,1,1,Comp Sci Prob I, ,,      , ,TBA,0,0,O,0
HBG,COMPUTING,2204,CSC, 492H,H001,1,1,Comp Sci Prob I, ,,      , ,TBA,5,0,O,0
HBG,COMPUTING,2205,CSC, 492H,H002,1,1,Comp Sci Prob I, ,,      , ,TBA,5,0,O,0
HBG,COMPUTING,2206,CSC, 492H,H003,1,1,Comp Sci Prob I, ,,      , ,TBA,5,0,O,0
HBG,COMPUTING,2207,CSC, 492H,H004,1,1,Comp Sci Prob I, ,,      , ,TBA,5,0,O,0
HBG,COMPUTING,2208,CSC,511,H001,1,3,DBMS Design, ,01:15PM-02:45PM, T R  ,TEC 207,"Zhang,Chaoyang",15,0,O,0
HBG,COMPUTING,2209,CSC,513,H001,1,3,Algorithms, ,08:00AM-09:30AM, T R  ,TEC 106,"Koh,Wonryull",5,0,O,0
HBG,COMPUTING,2210,CSC,514,H001,1,3,Software Design, ,08:00AM-11:15AM,    F ,TEC 207,"Ali,Dia L",10,0,O,0
HBG,COMPUTING,2211,CSC,544,H001,1,3,Robotic Systems, ,01:15PM-02:45PM,M W   ,TEC 106,"Banerjee,Bikramjit",5,0,O,0
HBG,COMPUTING,2212,CSC,592,H002,1,3,Comp Sci Prob I, ,,      , ,TBA,10,0,O,0
HBG,COMPUTING,2213,CSC,592,H003,1,3,Comp Sci Prob I, ,,      , ,TBA,0,0,O,0
HBG,COMPUTING,2214,CSC,630,H001,1,3,Parallel Prog Tech, ,09:45AM-11:15AM, T R  ,TEC 207,"Zhang,Chaoyang",15,0,O,0
HBG,COMPUTING,2215,CSC,633,H001,1,3,Distributed Databas, ,03:00PM-06:15PM,   R  ,TEC 207,"Ali,Dia L",15,0,O,0
HBG,COMPUTING,2216,CSC,691,H001,1,3,Topics In Cs, ,,      , ,"Ali,Dia L",10,0,O,0
HBG,COMPUTING,2217,CSC,691,H002,1,3,Topics In Cs, ,,      , ,"Murali,Beddhu",5,0,O,0
HBG,COMPUTING,2218,CSC,691,H003,1,3,Topics In Cs, ,,      , ,"Marapareddy,Ramakalavathi",5,0,O,0
HBG,COMPUTING,2219,CSC,691,H004,1,3,Topics In Cs, ,,      , ,"Dawoud,Amer",5,0,O,0
HBG,COMPUTING,2220,CSC,691,H005,1,3,Topics In Cs, ,,      , ,TBA,1,0,O,0
HBG,COMPUTING,2221,CSC,691,H006,1,3,Topics In Cs, ,,      , ,TBA,0,0,O,0
HBG,COMPUTING,2222,CSC,691,H007,1,3,Topics In Cs, ,,      , ,TBA,0,0,O,0
HBG,COMPUTING,2223,CSC,691,H008,1,3,Topics In Cs, ,,      , ,TBA,0,0,O,0
HBG,COMPUTING,2224,CSC,691,H009,1,3,Topics In Cs, ,,      , ,TBA,0,0,O,0
HBG,COMPUTING,2225,CSC,691,H010,1,3,Topics In Cs, ,,      , ,TBA,20,0,O,0
HBG,COMPUTING,2226,CSC,695,H001,1,1,Directed Study, ,,      , ,"Sung,Andrew H",10,0,O,0
HBG,COMPUTING,2227,CSC,695,H002,1,1,Directed Study, ,,      , ,"Murali,Beddhu",5,0,O,0
HBG,COMPUTING,2228,CSC,695,H003,1,1,Directed Study, ,,      , ,"Ali,Dia L",5,0,O,0
HBG,COMPUTING,2229,CSC,695,H004,1,1,Directed Study, ,,      , ,"Marapareddy,Ramakalavathi",20,0,O,0
HBG,COMPUTING,2230,CSC,695,H005,1,1,Directed Study, ,,      , ,"Ali,Dia L",5,0,O,0
HBG,COMPUTING,2231,CSC,695,H006,1,1,Directed Study, ,,      , ,"Dawoud,Amer",5,0,O,0
HBG,COMPUTING,2232,CSC,695,H007,1,1,Directed Study, ,,      , ,TBA,10,0,O,0
HBG,COMPUTING,2233,CSC,695,H008,1,1,Directed Study, ,,      , ,TBA,5,0,O,0
HBG,COMPUTING,2234,CSC,695,H009,1,1,Directed Study, ,,      , ,TBA,20,0,O,0
HBG,COMPUTING,2235,CSC,697,H001,1,1,Independent Study, ,,      , ,"Dawoud,Amer",15,0,O,0
HBG,COMPUTING,2236,CSC,697,H002,1,1,Independent Study, ,,      , ,"Murali,Beddhu",1,0,O,0
HBG,COMPUTING,2237,CSC,697,H003,1,1,Independent Study, ,,      , ,"Murali,Beddhu",10,0,O,0
HBG,COMPUTING,2238,CSC,697,H004,1,1,Independent Study, ,,      , ,TBA,10,0,O,0
HBG,COMPUTING,2239,CSC,697,H005,1,1,Independent Study, ,,      , ,TBA,10,0,O,0
HBG,COMPUTING,2240,CSC,697,H006,1,1,Independent Study, ,,      , ,TBA,5,0,O,0
HBG,COMPUTING,2241,CSC,697,H007,1,1,Independent Study, ,,      , ,TBA,20,0,O,0
HBG,COMPUTING,2242,CSC,698,H001,1,1,Thesis, ,,      , ,"Dawoud,Amer",5,0,O,0
HBG,COMPUTING,2243,CSC,698,H002,1,1,Thesis, ,,      , ,TBA,5,0,O,0
HBG,COMPUTING,2244,CSC,698,H003,1,1,Thesis, ,,      , ,TBA,5,0,O,0
HBG,COMPUTING,2245,CSC,698,H004,1,1,Thesis, ,,      , ,TBA,5,0,O,0
HBG,COMPUTING,2246,CSC,698,H008,1,1,Thesis, ,,      , ,TBA,5,0,O,0
HBG,COMPUTING,2247,CSC,698,H009,1,1,Thesis, ,,      , ,TBA,5,0,O,0
HBG,COMPUTING,2248,CSC,698,H010,1,1,Thesis, ,,      , ,TBA,0,0,O,0
HBG,COMPUTING,2249,CSC,698,H011,1,1,Thesis, ,,      , ,TBA,0,0,O,0
HBG,COMPUTING,2250,CSC,698,H012,1,1,Thesis, ,,      , ,TBA,0,0,O,0
HBG,COMPUTING,2251,CSC,698,H013,1,1,Thesis, ,,      , ,TBA,20,0,O,0
HBG,COMPUTING,2252,CSC,699,H001,1,1,Project, ,,      , ,"Ali,Dia L",5,0,O,0
HBG,COMPUTING,2253,CSC,699,H002,1,1,Project, ,,      , ,"Murali,Beddhu",5,0,O,0
HBG,COMPUTING,2254,CSC,699,H003,1,1,Project, ,,      , ,TBA,5,0,O,0
HBG,COMPUTING,2255,CSC,699,H004,1,1,Project, ,,      , ,TBA,5,0,O,0
HBG,COMPUTING,2256,CSC,699,H005,1,1,Project, ,,      , ,TBA,5,0,O,0
HBG,COMPUTING,2257,CSC,699,H008,1,1,Project, ,,      , ,TBA,20,0,O,0
HBG,COMPUTING,2258,CSC,699,H009,1,1,Project, ,,      , ,TBA,0,0,O,0
HBG,COMPUTING,2259,CSC,699,H010,1,1,Project, ,,      , ,TBA,20,0,O,0
HBG,COMPUTING,2260,CSC,699,H011,1,1,Project, ,,      , ,TBA,5,0,O,0
HBG,COMPUTING,2261,CSC,699,H012,1,1,Project, ,,      , ,TBA,0,0,O,0
HBG,COMPUTING,2262,CSC,699,H013,1,1,Project, ,,      , ,TBA,20,0,O,0
HBG,COMPUTING,2263,CSC,730,H001,1,3,Parallel Computing, ,09:45AM-11:15AM, T R  ,TEC 207,"Zhang,Chaoyang",10,0,O,0
HBG,COMPUTING,2264,CSC,733,H001,1,3,Advanced Dbs, ,03:00PM-06:15PM,   R  ,TEC 207,"Ali,Dia L",10,0,O,0
HBG,COMPUTING,2265,CSS,346,H001,1,3,Intro To Java, ,11:30AM-01:00PM, T R  ,TEC 205,"Koh,Wonryull",35,0,O,0
HBG,COMPUTING,2266,CSS,360,H001,1,3,Unix Op Sys, ,04:45PM-06:15PM, T R  ,TEC 106,TBA,25,0,O,0
HBG,COMPUTING,2267,CSS,431,H001,1,3,Adv Visual Basic, ,06:30PM-09:45PM,  W   ,TEC 347,"Chen,Kuo Lane",20,0,O,0
HBG,COMPUTING,2409,EET,100,H001,1,1,Engineering Seminar, ,11:30AM-02:45PM,  W   ,TEC 207,"Adams,Stephen T",60,0,O,0
HBG,COMPUTING,2410,EET,101,H002,1,2,Intro Electronics, ,09:45AM-11:15AM,M W   ,TEC 101,"Zhou,Zhaoxian",19,0,O,0
HBG,COMPUTING,2411,EET, 101L,H001,1,1,Intro Electron Lab, ,11:30AM-02:45PM,M     ,TEC 319,"Zhou,Zhaoxian",24,0,O,0
HBG,COMPUTING,2412,EET, 101L,H002,1,1,Intro Electron Lab, ,11:30AM-02:45PM,  W   ,TEC 319,"Zhou,Zhaoxian",0,0,O,0
HBG,COMPUTING,2413,EET, 101L,H003,1,1,Intro Electron Lab, ,,      , ,"Zhou,Zhaoxian",5,0,O,0
HBG,COMPUTING,2414,EET,110,H001,1,3,Intro Elec Circuits, ,03:00PM-04:30PM,M W   ,WSB 132,"Hawkins,Ricky Edward",28,0,O,0
HBG,COMPUTING,2415,EET, 110L,H001,1,1,Elec Circuits Lab, ,03:00PM-06:15PM,M     ,TEC 319,"Hawkins,Ricky Edward",14,0,O,0
HBG,COMPUTING,2416,EET, 110L,H002,1,1,Elec Circuits Lab, ,03:00PM-06:15PM,  W   ,TEC 319,"Hawkins,Ricky Edward",0,0,O,0
HBG,COMPUTING,2417,EET, 110L,H003,1,1,Elec Circuits Lab, ,,      , ,"Hawkins,Ricky Edward",0,0,O,0
HBG,COMPUTING,2418,EET,111,H001,1,3,Analys AC Circuit, ,01:15PM-02:45PM, T R  ,TEC 331,"Hawkins,Ricky Edward",28,0,O,0
HBG,COMPUTING,2419,EET, 111L,H001,1,1,AC Analysis Lab, ,03:00PM-06:15PM, T R  ,TEC 319,"Adams,Stephen T",15,0,O,0
HBG,COMPUTING,2420,EET,200,H001,1,1,Elec Assy & Fab, ,11:30AM-02:45PM,M     ,TEC 207,"Adams,Stephen T",24,0,O,0
HBG,COMPUTING,2421,EET, 200L,H001,1,1,Assy & Fab Lab, ,11:30AM-02:45PM,    F ,TEC 328,"Adams,Stephen T",24,0,O,0
HBG,COMPUTING,2422,EET, 200L,H002,1,1,Assy & Fab Lab, ,01:00PM-01:50PM, T    ,TEC 347,"Adams,Stephen T",0,0,C,0
HBG,COMPUTING,2423,EET,312,H001,1,3,App Devices II, ,01:15PM-02:45PM,M W   ,TEC 328,"Adams,Stephen T",28,0,O,0
HBG,COMPUTING,2424,EET, 312L,H001,1,1,App Devices II Lab, ,03:00PM-06:15PM,M     ,TEC 324,"Adams,Stephen T",10,0,O,0
HBG,COMPUTING,2425,EET, 312L,H002,1,1,App Devices II Lab, ,03:00PM-06:15PM,  W   ,TEC 324,"Adams,Stephen T",0,0,O,0
HBG,COMPUTING,2426,EET, 312L,H003,1,1,App Devices II Lab, ,,      , ,"Adams,Stephen T",5,0,O,0
HBG,COMPUTING,2427,EET,323,H001,1,3,Anal Appl Et, ,09:45AM-11:15AM,M W   ,TEC 106,"Zhou,Zhaoxian",20,0,O,0
HBG,COMPUTING,2428,EET,392,H001,1,1,Special Problems, ,,      , ,"Zhou,Zhaoxian",5,0,O,0
HBG,COMPUTING,2429,EET,392,H003,1,1,Special Problems, ,,      , ,"Zhou,Zhaoxian",0,0,O,0
HBG,COMPUTING,2430,EET,392,H004,1,1,Special Problems, ,,      , ,"Zhou,Zhaoxian",0,0,O,0
HBG,COMPUTING,2431,EET,396,H002,1,1,Eng Lab Internship, ,,      , ,"Zhou,Zhaoxian",10,0,O,0
HBG,COMPUTING,2432,EET,400,H001,1,2,Senior Project, ,11:30AM-01:00PM, T R  ,TEC 347,"Zhou,Zhaoxian",10,0,O,0
HBG,COMPUTING,2433,EET, 400H,H001,1,2,Senior Project, ,,      , ,"Zhou,Zhaoxian",5,0,O,0
HBG,COMPUTING,2434,EET,401,H001,1,2,Senior Project, ,11:30AM-01:00PM, T R  ,TEC 322,"Zhou,Zhaoxian",5,0,O,0
HBG,COMPUTING,2435,EET,461,H001,1,3,Electrical Power, ,08:00AM-09:00AM,M W F ,TEC 322,TBA,0,0,O,0
HBG,COMPUTING,2436,EET,477,H001,1,3,Control Systems, ,04:45PM-06:15PM,M W   ,TEC 106,TBA,20,0,O,0
HBG,COMPUTING,2437,EET, 477L,H001,1,1,Control Sys Lab, ,11:30AM-02:45PM, T    ,TEC 324,TBA,20,0,O,0
HBG,COMPUTING,2438,EET, 477L,H002,1,1,Control Sys Lab, ,,      , ,TBA,20,0,O,0
HBG,COMPUTING,2439,EET,492,H001,1,1,Special Problems, ,,      , ,"Zhou,Zhaoxian",0,0,O,0
HBG,COMPUTING,2440,EET,492,H002,1,1,Special Problems, ,,      , ,"Zhou,Zhaoxian",20,0,O,0
HBG,COMPUTING,2441,EET, 492H,H001,1,1,Special Problems, ,,      , ,"Zhou,Zhaoxian",25,0,O,0
HBG,COMPUTING,2442,EET,496,H001,1,1,Industrial Intern, ,,      , ,TBA,0,0,O,0
HBG,COMPUTING,2443,EET,499,H001,1,1,Undergrad Research, ,,      , ,TBA,0,0,O,0
HBG,COMPUTING,2444,EET,499,H002,1,1,Undergrad Research, ,,      , ,TBA,10,0,O,0
HBG,COMPUTING,3118,ITC,102,H001,1,2,Systems Architecture, ,01:15PM-02:45PM, T R  ,TEC 328,TBA,20,0,O,0
HBG,COMPUTING,3119,ITC, 102L,H001,1,1,Sys Architecture Lab, ,03:00PM-06:15PM, T    ,TEC 328,TBA,25,0,O,0
HBG,COMPUTING,3120,ITC,103,H001,1,2,IT Fundamentals, ,08:00AM-09:30AM, T R  ,TEC 347,"Marapareddy,Ramakalavathi",20,0,O,0
HBG,COMPUTING,3121,ITC, 103L,H001,1,1,IT Fund Lab, ,09:45AM-11:15AM, T R  ,TEC 328,TBA,20,0,O,0
HBG,COMPUTING,3122,ITC,131,H001,1,2,Internet Tech, ,08:00AM-09:30AM,M W   ,TEC 207,"Graves,Jeremy Bryan",20,0,O,0
HBG,COMPUTING,3123,ITC, 131L,H001,1,1,Internet Tech Lab, ,09:45AM-11:15AM,M W   ,TEC 207,TBA,20,0,O,0
HBG,COMPUTING,3124,ITC,132,H001,1,2,Intro to Routers, ,01:15PM-02:45PM,M W   ,TEC 331,"Graves,Jeremy Bryan",20,0,O,0
HBG,COMPUTING,3125,ITC, 132L,H001,1,1,Intro to Router Lab, ,03:00PM-06:15PM,M     ,TEC 207,"Graves,Jeremy Bryan",20,0,O,0
HBG,COMPUTING,3126,ITC,231,H001,1,2,Routing and Switch, ,03:00PM-04:30PM,M W   ,TEC 331,"Graves,Jeremy Bryan",20,0,O,0
HBG,COMPUTING,3127,ITC, 231L,H001,1,1,Rout Switch Lab, ,08:00AM-11:15AM, T    ,TEC 331,"Graves,Jeremy Bryan",20,0,O,0
HBG,COMPUTING,3128,ITC,241,H001,1,3,Info Assur Security, ,03:00PM-06:15PM, T    ,TEC 331,TBA,20,0,O,1
HBG,COMPUTING,3129,ITC,283,H001,1,3,Client Install & Admin, ,06:30PM-09:45PM,  W   ,TEC 328,TBA,24,0,O,0
HBG,COMPUTING,3130,ITC,331,H001,INT,2,Scalable Networks, ,08:00AM-10:45AM,MTWRF , ,"Graves,Jeremy Bryan",10,0,O,0
HBG,COMPUTING,3131,ITC, 331L,H001,INT,1,Scalable Netwrk Lab, ,11:00AM-01:45PM,MTWRF , ,"Graves,Jeremy Bryan",10,0,O,0
HBG,COMPUTING,3132,ITC,350,H001,1,3,SQL Techniques, ,06:30PM-09:45PM, T    ,TEC 202,"Rahaim,John Anthony",20,0,O,0
HBG,COMPUTING,3133,ITC,361,H001,1,3,Human Comp Interaction, ,03:00PM-06:15PM,   R  ,TEC 202,TBA,28,0,O,0
HBG,COMPUTING,3134,ITC,371,H001,1,3,Info Tech Proj Mgt, ,06:30PM-09:45PM,M     ,TEC 202,TBA,32,0,O,0
HBG,COMPUTING,3135,ITC,385,H001,1,3,Adv Server Admin, ,01:15PM-02:45PM, T R  ,TEC 202,"Rahaim,John Anthony",25,0,O,1
HBG,COMPUTING,3136,ITC,400,H001,1,1,Senior Project, ,09:45AM-10:45AM,M W F ,TEC 331,TBA,28,0,O,0
HBG,COMPUTING,3137,ITC,433,H001,1,3,Internetwork Design, ,11:30AM-01:00PM, T R  ,TEC 328,"Rahaim,John Anthony",28,0,O,0
HBG,COMPUTING,3138,ITC,492,H001,1,1,Special Problems, ,,      , ,"Graves,Jeremy Bryan",30,0,O,0
HBG,COMPUTING,3139,ITC,496,H001,1,1,Industrial Intern, ,08:00AM-11:15AM,    F ,TEC 328,"Rahaim,John Anthony",15,0,O,0
HBG,COMPUTING,3140,ITC,499,H001,1,3,Undergrad Research, ,,      , ,TBA,5,0,O,0
ONLNE,COMPUTING,6197,CSC,100,H012,1,3,Intro To Computing, ,,      , ,"Chen,Kuo Lane",22,0,O,0
ONLNE,COMPUTING,6198,CSC,100,H013,1,3,Intro To Computing, ,,      , ,"Chen,Kuo Lane",22,0,O,0
ONLNE,COMPUTING,6206,CSC,309,H003,1,3,Comp And Society, ,,      , ,"McCarthy,Sean Christopher",24,0,O,1
ONLNE,COMPUTING,6207,CSC,309,H004,1,3,Comp And Society, ,,      , ,"McCarthy,Sean Christopher",24,0,O,0
ONLNE,COMPUTING,6273,EET,101,H003,1,2,Intro Electronics, ,,      , ,"Zhou,Zhaoxian",32,0,O,0
ONLNE,COMPUTING,6274,EET, 101L,H004,1,1,Intro Electron Lab, ,,      , ,"Zhou,Zhaoxian",24,0,O,0
USMGC,COMPUTING,6199,CSC,101,G001,1,3,Computer Science I, ,06:30PM-09:45PM, T    , ,TBA,20,0,O,0
USMGC,COMPUTING,6200,CSC, 101L,G001,1,1,Comp Sci I Lab, ,06:30PM-09:45PM,   R  , ,TBA,20,0,O,1
USMGC,COMPUTING,6201,CSC, 101L,G002,1,1,Comp Sci I Lab, ,06:30PM-09:45PM,   R  , ,TBA,20,0,O,0
USMGC,COMPUTING,6202,CSC,102,G001,1,4,Computer Science II, ,06:30PM-09:45PM,  W   , ,TBA,20,0,O,0
USMGC,COMPUTING,6203,CSC,204,G001,1,3,Comp Organization, ,06:30PM-09:45PM,M     , ,TBA,20,0,O,0
USMGC,COMPUTING,6204,CSC,306,G001,1,3,Operating Systems I, ,06:30PM-09:45PM,   R  , ,TBA,20,0,O,0
USMGC,COMPUTING,6205,CSC,307,G001,1,3,Data Structures, ,04:45PM-06:15PM,M W   , ,TBA,20,0,O,0
USMGC,COMPUTING,6208,CSC,408,G001,1,3,Programming Langs, ,04:45PM-06:15PM,M W   , ,TBA,20,0,O,0
USMGC,COMPUTING,6209,CSC,412,G001,1,3,Intro to Ai, ,06:30PM-09:45PM, T    , ,TBA,20,0,O,0
USMGC,COMPUTING,6210,CSC,414,G001,1,3,Software Design, ,06:30PM-09:45PM,M     , ,TBA,20,0,O,0
USMGC,COMPUTING,7062,CSC,425,G001,1,3,Computer Graph Dsgn, ,04:45PM-06:15PM, T R  , ,TBA,25,0,O,0
USMGC,COMPUTING,6211,CSC,492,G001,1,1,Comp Sci Prob I, ,,      , ,TBA,10,0,O,0
USMGC,COMPUTING,6212,CSC,492,G002,1,1,Comp Sci Prob I, ,,      , ,TBA,10,0,O,0
USMGC,COMPUTING,6213,CSC,492,G003,1,1,Comp Sci Prob I, ,,      , ,TBA,10,0,O,0
USMGC,COMPUTING,6214,CSC, 492H,G001,1,1,Comp Sci Prob I, ,,      , ,TBA,1,0,O,0
USMGC,COMPUTING,6215,CSC,592,G001,1,3,Comp Sci Prob I, ,,      , ,TBA,20,0,O,0
USMGC,COMPUTING,6216,CSC,592,G002,1,3,Comp Sci Prob I, ,,      , ,TBA,20,0,O,0
USMGC,COMPUTING,7063,CSC,625,G001,1,3,Computer Graphics, ,06:30PM-09:45PM,M     , ,TBA,20,0,O,0
USMGC,COMPUTING,6217,CSC,632,G001,1,3,AI, ,06:30PM-09:45PM,M     , ,TBA,30,0,O,0
USMGC,COMPUTING,6218,CSC,691,G001,1,3,Topics In Cs, ,06:30PM-09:45PM,  W   , ,TBA,10,0,O,0
USMGC,COMPUTING,6219,CSC,691,G002,1,3,Topics In Cs, ,06:30PM-09:45PM, T    , ,TBA,10,0,O,0
USMGC,COMPUTING,6220,CSC,695,G001,1,1,Directed Study, ,,      , ,TBA,10,0,O,0
USMGC,COMPUTING,6221,CSC,697,G002,1,1,Independent Study, ,,      , ,TBA,20,0,O,0
USMGC,COMPUTING,6222,CSC,698,G001,1,1,Thesis, ,,      , ,TBA,20,0,O,0
USMGC,COMPUTING,7064,CSC,698,G002,1,1,Thesis, ,,      , ,TBA,10,0,O,0
USMGC,COMPUTING,6223,CSC,699,G001,1,1,Project, ,,      , ,TBA,25,0,O,0
USMGC,COMPUTING,6224,CSC,699,G002,1,1,Project, ,,      , ,TBA,20,0,O,0
USMGC,COMPUTING,6225,CSS,346,G001,1,3,Intro To Java, ,04:45PM-06:15PM,M W   , ,TBA,20,0,O,0
